{
    "anarchism_LLM_kl_divergence": 0.32055000321443644,
    "authoritarianism_LLM_kl_divergence": 0.11201393762336948,
    "capitalism_LLM_kl_divergence": 0.07079207194074702,
    "communism_LLM_kl_divergence": 0.0725497879844854,
    "communitarianism_LLM_kl_divergence": 0.24736236767763414,
    "conservatism_LLM_kl_divergence": 0.17199806908410842,
    "corporatism_LLM_kl_divergence": 0.3148248507849769,
    "democracy_LLM_kl_divergence": 0.21998178440352625,
    "environmentalism_LLM_kl_divergence": 0.18450423922616502,
    "fascism_LLM_kl_divergence": 0.40127026935888715,
    "federalism_LLM_kl_divergence": 0.05869220263333621,
    "feminism_LLM_kl_divergence": 0.08432082507454712,
    "globalism_LLM_kl_divergence": 0.22320414792160875,
    "identity politics_LLM_kl_divergence": 0.2883839708588269,
    "internationalism_LLM_kl_divergence": 0.1731614080475013,
    "liberalism_LLM_kl_divergence": 0.33159929815446254,
    "libertarianism_LLM_kl_divergence": 0.15899852766934075,
    "monarchy_LLM_kl_divergence": 0.06864013209848459,
    "nationalism_LLM_kl_divergence": 0.31643882243779153,
    "oligarchy_LLM_kl_divergence": 0.12202547928692978,
    "populism_LLM_kl_divergence": 0.10888614813987703,
    "progressivism_LLM_kl_divergence": 0.05368548474774191,
    "republic_LLM_kl_divergence": 0.22689306186390495,
    "socialism_LLM_kl_divergence": 0.2978478991188146,
    "syndicalism_LLM_kl_divergence": 0.14685886317095093,
    "theocracy_LLM_kl_divergence": 0.10368693951926661,
    "totalitarianism_LLM_kl_divergence": 0.4289566625501574,
    "transhumanism_LLM_kl_divergence": 0.3859944809106365
}